,sid,sid_name,股價,大盤領先指標,產業領先指標,勝率(%)_營收,合理價差(%)_營收,相關性_營收,勝率(%)_EPS,合理價差(%)_EPS,相關性_EPS,勝率(%)_殖利率,合理價差(%)_殖利率,相關性_殖利率,date,耗時(秒)
0,1264,德麥,250,中等,極佳,46,-14,中度相關 0.66,42,-15,高度相關 0.76,,,中度相關 0.64,2022-11-19,86
1,4401,東隆興,26.3,中等,極佳,,,低度相關 0.13,42,-27,中度相關 0.62,40,-28,中度相關 0.61,2022-11-19,84
2,8454,富邦媒,575,中等,極佳,46,-38,中度相關 0.69,42,-31,中度相關 0.52,,,低度相關 0.39,2022-11-19,92
3,2303,聯電,45.6,中等,極佳,46,-28,中度相關 0.6,,,低度相關 0.41,,,低度相關 0.43,2022-11-19,77
4,3189,景碩,116,中等,極佳,46,-31,中度相關 0.61,,,,,,,2022-11-19,84
5,1580,新麥,85,中等,極佳,,,低度相關 0.43,42,-22,高度相關 0.77,40,-26,中度相關 0.61,2022-11-19,72
6,3169,亞信,106.5,中等,極佳,46,-18,高度相關 0.86,42,-40,中度相關 0.51,40,-40,中度相關 0.52,2022-11-19,109
7,2929,淘帝-KY,12.35,中等,極佳,46,-34,中度相關 0.68,,,,,,,2022-11-19,72
8,6488,環球晶,476,中等,極佳,46,-27,中度相關 0.51,,,低度相關 0.13,,,低度相關 0.23,2022-11-19,112
9,5222,全訊,130,中等,極佳,46,-13,中度相關 0.67,,,,,,,2022-11-19,87
10,4558,寶緯,23.1,中等,極佳,46,-22,高度相關 0.8,,,,,,,2022-11-19,89
11,4426,利勤,23.8,中等,極佳,46,-31,中度相關 0.64,,,,46,0,,2022-11-19,70
12,5274,信驊,2170,中等,極佳,46,-19,中度相關 0.72,49,-7,中度相關 0.71,47,-8,高度相關 0.76,2022-11-19,84
13,3426,台興,37.9,中等,極佳,46,-12,低度相關 0.49,49,-8,高度相關 0.86,,,低度相關 0,2022-11-19,84
14,1590,亞德客-KY,845,中等,極佳,45,-6,高度相關 0.88,42,-13,中度相關 0.5,,,低度相關 0.38,2022-11-19,76
15,6509,聚和,38.7,中等,極佳,46,-22,中度相關 0.6,42,-30,中度相關 0.65,40,-29,中度相關 0.61,2022-11-19,70
16,4966,譜瑞-KY,755,中等,極佳,46,-11,中度相關 0.73,,,低度相關 0.48,,,低度相關 0.43,2022-11-19,72
17,3035,智原,166,中等,極佳,46,-15,中度相關 0.74,,,低度相關 0.39,,,低度相關 0.35,2022-11-19,68
18,5471,松翰,49.25,中等,極佳,39,90,高度相關 0.76,42,-29,高度相關 0.75,40,-29,高度相關 0.75,2022-11-19,81
19,5903,全家,185.5,中等,極佳,,,低度相關 0.21,42,-11,高度相關 0.77,47,-8,高度相關 0.81,2022-11-19,87
20,9802,鈺齊-KY,149.5,中等,極佳,46,-26,中度相關 0.63,,,低度相關 0.42,,,低度相關 0.3,2022-11-19,72
21,4919,新唐,115.5,中等,極佳,48,6,中度相關 0.64,42,-24,中度相關 0.61,,,,2022-11-19,84
22,8066,來思達,26.5,中等,極佳,,,低度相關 0.21,42,-24,中度相關 0.71,40,-30,中度相關 0.72,2022-11-19,84
23,6182,合晶,45.65,中等,極佳,46,-37,中度相關 0.64,,,,,,低度相關 0.49,2022-11-19,67
24,6457,紘康,60.6,中等,極佳,39,71,高度相關 0.79,42,-48,中度相關 0.63,,,中度相關 0.56,2022-11-19,84
25,6803,崑鼎,245,中等,極佳,45,-4,中度相關 0.72,42,-12,高度相關 0.78,40,-13,中度相關 0.74,2022-11-19,75
26,3016,嘉晶,78.2,中等,極佳,46,-14,中度相關 0.65,,,,,,,2022-11-19,88
27,5604,中連,51.3,中等,極佳,46,-19,中度相關 0.61,,,,40,-33,中度相關 0.51,2022-11-19,96
28,1219,福壽,18.7,中等,極佳,46,-16,中度相關 0.55,,,,40,-12,中度相關 0.51,2022-11-19,110
29,1256,鮮活果汁-KY,234,中等,極佳,46,-15,中度相關 0.68,42,-16,中度相關 0.74,40,-19,中度相關 0.73,2022-11-19,85
30,6129,普誠,30.85,中等,極佳,46,-16,中度相關 0.74,,,,,,,2022-11-19,97
31,3556,禾瑞亞,55.6,中等,極佳,39,26,中度相關 0.7,42,-17,中度相關 0.51,40,-18,中度相關 0.55,2022-11-19,69
32,9951,皇田,62.6,中等,極佳,,,低度相關 0.01,42,-12,中度相關 0.51,40,-13,中度相關 0.5,2022-11-19,75
33,4549,桓達,84,中等,極佳,46,-11,中度相關 0.63,,,低度相關 0.44,,,低度相關 0.41,2022-11-19,82
34,6287,元隆,24.8,中等,極佳,46,-15,中度相關 0.54,,,,,,,2022-11-19,87
35,6257,矽格,50.1,中等,極佳,45,-5,高度相關 0.88,42,-18,中度相關 0.59,41,-17,中度相關 0.66,2022-11-19,104
36,3686,達能,12.95,中等,極佳,46,-25,中度相關 0.59,,,,,,,2022-11-19,78
37,4205,中華食,100,中等,極佳,46,-27,高度相關 0.82,42,-12,高度相關 0.77,47,-6,高度相關 0.75,2022-11-19,83
38,8928,鉅明,36.5,中等,極佳,,,低度相關 0.35,42,-13,中度相關 0.56,41,-13,中度相關 0.56,2022-11-19,96
39,1599,宏佳騰,41.4,中等,極佳,,,低度相關 0.42,42,-13,中度相關 0.54,,,低度相關 0.3,2022-11-19,71
40,5306,桂盟,149.5,中等,極佳,46,-15,中度相關 0.71,,,低度相關 0.4,,,低度相關 0.35,2022-11-19,79
41,2458,義隆,88.6,中等,極佳,39,17,高度相關 0.93,42,-37,中度相關 0.66,40,-40,中度相關 0.59,2022-11-19,92
42,2351,順德,100,中等,極佳,46,-20,中度相關 0.74,,,低度相關 0,,,低度相關 0.01,2022-11-19,89
43,2338,光罩,72,中等,極佳,46,-21,高度相關 0.78,,,,41,-15,中度相關 0.74,2022-11-19,87
44,8938,明安,96.3,中等,極佳,48,5,高度相關 0.83,42,-12,高度相關 0.79,48,-3,高度相關 0.76,2022-11-19,95
45,9940,信義,28.9,中等,極佳,,,低度相關 0.22,42,-10,中度相關 0.55,,,低度相關 0.19,2022-11-19,73
46,6104,創惟,95.1,中等,極佳,39,97,高度相關 0.89,42,-43,中度相關 0.54,41,-43,中度相關 0.54,2022-11-19,80
47,9933,中鼎,39.55,中等,極佳,,,低度相關 0.1,42,-13,中度相關 0.66,41,-14,中度相關 0.67,2022-11-19,99
48,1451,年興,21.9,中等,極佳,46,-11,中度相關 0.67,,,,,,,2022-11-19,98
49,5288,豐祥-KY,165.5,中等,極佳,46,-16,中度相關 0.72,42,-15,中度相關 0.63,46,0,低度相關 0.36,2022-11-19,94
50,4967,十銓,31.3,中等,極佳,46,-24,中度相關 0.58,,,,41,-23,,2022-11-19,87
51,2379,瑞昱,321,中等,極佳,46,-26,高度相關 0.82,42,-38,中度相關 0.5,40,-38,中度相關 0.51,2022-11-19,98
52,3014,聯陽,71.2,中等,極佳,39,51,高度相關 0.95,42,-22,中度相關 0.63,41,-22,中度相關 0.63,2022-11-19,117
53,6415,矽力*-KY,504,中等,極佳,46,-26,高度相關 0.75,,,低度相關 0.49,,,低度相關 0.41,2022-11-19,92
54,4552,力達-KY,28.75,中等,極佳,,,中度相關 0.74,42,-16,高度相關 0.78,,,低度相關 0.06,2022-11-19,84
55,8924,大田,113.5,中等,極佳,39,25,高度相關 0.76,,,,40,-25,低度相關 0.01,2022-11-19,79
56,3450,聯鈞,38.5,中等,極佳,,,低度相關 0.26,42,-28,中度相關 0.63,,,低度相關 0.48,2022-11-19,156
57,9914,美利達,176,中等,極佳,,,低度相關 0.38,,,低度相關 0.49,41,-42,中度相關 0.51,2022-11-19,160
58,5345,天揚,5.75,中等,極佳,46,-28,低度相關 0.49,,,,,,,2022-11-19,142
59,4510,高鋒,10.4,中等,極佳,46,-28,中度相關 0.57,,,,47,-6,,2022-11-19,114
60,3661,世芯-KY,875,中等,極佳,46,-26,高度相關 0.81,42,-18,高度相關 0.75,40,-20,中度相關 0.64,2022-11-19,88
61,2640,大車隊,82.8,中等,極佳,46,-11,中度相關 0.64,,,低度相關 0.42,47,-5,中度相關 0.64,2022-11-19,79
62,2348,海悅,62.5,中等,極佳,46,-13,高度相關 0.89,42,-10,高度相關 0.88,41,-11,中度相關 0.55,2022-11-19,121
63,8028,昇陽半導體,56.7,中等,極佳,46,-15,高度相關 0.76,,,低度相關 0.01,,,低度相關 0.29,2022-11-19,102
64,9911,櫻花,59.6,中等,極佳,45,-6,高度相關 0.75,42,-17,高度相關 0.84,41,-17,高度相關 0.81,2022-11-19,118
65,5871,中租-KY,185.5,中等,極佳,46,-25,高度相關 0.84,42,-18,中度相關 0.52,40,-18,中度相關 0.56,2022-11-19,102
66,3260,威剛,64.3,中等,極佳,46,-12,中度相關 0.66,,,,,,,2022-11-19,86
67,4535,至興,38.65,中等,極佳,46,-11,高度相關 0.77,45,2,中度相關 0.72,46,0,高度相關 0.75,2022-11-19,93
68,1232,大統益,147.5,中等,極佳,46,-17,中度相關 0.54,42,-17,高度相關 0.81,40,-16,高度相關 0.85,2022-11-19,100
69,4991,環宇-KY,39.25,中等,極佳,46,-19,中度相關 0.6,45,10,,,,,2022-11-19,76
70,1538,正峰,6,中等,極佳,46,-55,高度相關 0.83,,,,,,,2022-11-19,82
71,6271,同欣電,194,中等,極佳,46,-12,中度相關 0.59,,,低度相關 0.37,,,低度相關 0.4,2022-11-19,86
72,5209,新鼎,74,中等,極佳,46,-16,高度相關 0.81,49,-2,高度相關 0.76,47,-3,高度相關 0.75,2022-11-19,72
73,8081,致新,142,中等,極佳,48,8,高度相關 0.9,42,-37,中度相關 0.53,41,-37,中度相關 0.55,2022-11-19,81
74,5285,界霖,63.8,中等,極佳,46,-26,高度相關 0.79,,,低度相關 0,,,低度相關 0.01,2022-11-19,68
75,4968,立積,111,中等,極佳,46,-14,高度相關 0.75,,,,41,-17,中度相關 0.64,2022-11-19,93
76,3317,尼克森,54.6,中等,極佳,,,低度相關 0.41,,,低度相關 0.36,41,-23,低度相關 0.02,2022-11-19,71
77,8040,九暘,57.1,中等,極佳,46,-32,中度相關 0.56,,,,,,,2022-11-19,70
78,8027,鈦昇,54.5,中等,極佳,46,-17,中度相關 0.54,,,,,,低度相關 0.36,2022-11-19,89
79,2436,偉詮電,45.3,中等,極佳,39,33,高度相關 0.79,,,低度相關 0.47,41,-32,中度相關 0.5,2022-11-19,81
80,1584,精剛,17.95,中等,極佳,46,-10,中度相關 0.53,,,,,,,2022-11-19,89
81,2481,強茂,60,中等,極佳,,,低度相關 0.3,,,,40,-28,,2022-11-19,81
82,2330,台積電,487,中等,極佳,46,-29,中度相關 0.64,42,-30,中度相關 0.5,40,-29,中度相關 0.61,2022-11-19,104
83,5907,大洋-KY,13.5,中等,極佳,,,低度相關 0.46,,,,40,-28,,2022-11-19,89
84,3171,新洲,15.8,中等,極佳,,,低度相關 0.47,42,-11,高度相關 0.81,,,低度相關 0.09,2022-11-19,91
85,1513,中興電,54.2,中等,極佳,48,10,中度相關 0.71,42,-11,中度相關 0.67,41,-11,中度相關 0.69,2022-11-19,89
86,1535,中宇,41.8,中等,極佳,,,低度相關 0.02,42,-11,中度相關 0.63,41,-11,中度相關 0.58,2022-11-19,97
87,1220,台榮,14.5,中等,極佳,,,低度相關 0.45,42,-10,高度相關 0.83,40,-11,高度相關 0.81,2022-11-19,113
88,3675,德微,185.5,中等,極佳,45,-5,中度相關 0.72,42,-35,中度相關 0.52,41,-34,中度相關 0.51,2022-11-19,106
89,1516,川飛,21.3,中等,極佳,,,,42,-14,中度相關 0.52,,,,2022-11-19,87
90,1514,亞力,27.05,中等,極佳,46,-30,中度相關 0.73,50,-5,高度相關 0.84,46,2,高度相關 0.76,2022-11-19,86
91,3529,力旺,1525,中等,極佳,45,-8,中度相關 0.68,42,-24,中度相關 0.57,40,-24,中度相關 0.56,2022-11-19,94
92,1558,伸興,112.5,中等,極佳,,,低度相關 0.15,42,-13,中度相關 0.57,41,-14,中度相關 0.58,2022-11-19,90
93,6485,點序,74.6,中等,極佳,46,-15,高度相關 0.75,,,,,,,2022-11-19,95
94,5269,祥碩,741,中等,極佳,46,-15,高度相關 0.77,42,-50,中度相關 0.61,40,-49,中度相關 0.64,2022-11-19,82
95,3707,漢磊,99.6,中等,極佳,46,-17,中度相關 0.7,,,,,,,2022-11-19,93
96,1210,大成,43.25,中等,極佳,46,-23,中度相關 0.58,45,3,中度相關 0.71,47,-3,高度相關 0.88,2022-11-19,95
97,9929,秋雨,8.64,中等,極佳,46,-40,中度相關 0.59,,,,,,,2022-11-19,112
98,4558,寶緯,23.25,中等,極佳,46,-20,高度相關 0.8,0,0,,0,0,,2022-11-21,62
99,1514,亞力,27.85,中等,極佳,46,-30,中度相關 0.72,50,-5,高度相關 0.84,46,2,高度相關 0.76,2022-11-21,60
100,3169,亞信,106,中等,極佳,46,-18,高度相關 0.86,42,-40,中度相關 0.51,41,-40,中度相關 0.52,2022-11-21,61
101,4535,至興,38.7,中等,極佳,46,-11,高度相關 0.77,45,2,中度相關 0.72,46,0,高度相關 0.75,2022-11-21,62
102,3317,尼克森,53.7,中等,極佳,,,低度相關 0.4,,,低度相關 0.36,41,-23,低度相關 0.02,2022-11-21,61
103,6271,同欣電,194,中等,極佳,46,-13,中度相關 0.59,,,低度相關 0.37,,,低度相關 0.4,2022-11-21,67
104,2640,大車隊,82.4,中等,極佳,46,-11,中度相關 0.64,,,低度相關 0.42,48,-5,中度相關 0.64,2022-11-21,60
105,1264,德麥,249,中等,極佳,46,-14,中度相關 0.66,42,-15,高度相關 0.76,,,中度相關 0.64,2022-11-21,63
106,8028,昇陽半導體,55.5,中等,極佳,46,-16,高度相關 0.76,,,低度相關 0.01,,,低度相關 0.28,2022-11-21,58
107,8066,來思達,27.05,中等,極佳,,,低度相關 0.21,42,-24,中度相關 0.72,41,-30,中度相關 0.72,2022-11-21,65
108,9933,中鼎,40.15,中等,極佳,,,低度相關 0.1,42,-12,中度相關 0.66,41,-14,中度相關 0.67,2022-11-21,61
109,4919,新唐,118,中等,極佳,48,6,中度相關 0.64,42,-24,中度相關 0.61,,,,2022-11-21,63
110,4968,立積,111,中等,極佳,46,-14,高度相關 0.75,,,,41,-17,中度相關 0.64,2022-11-21,64
111,3661,世芯-KY,890,中等,極佳,46,-25,高度相關 0.81,42,-18,高度相關 0.75,41,-20,中度相關 0.64,2022-11-21,61
112,2481,強茂,60.3,中等,極佳,,,低度相關 0.3,,,,41,-28,,2022-11-21,61
113,4991,環宇-KY,39.65,中等,極佳,46,-19,中度相關 0.6,45,10,,,,,2022-11-21,60
114,1516,川飛,21.3,中等,極佳,,,低度相關 0.41,42,-14,中度相關 0.52,,,,2022-11-21,59
115,2351,順德,100,中等,極佳,46,-20,中度相關 0.74,,,低度相關 0,,,低度相關 0.01,2022-11-21,65
116,5285,界霖,63.8,中等,極佳,46,-26,高度相關 0.79,,,低度相關 0,,,低度相關 0.01,2022-11-21,64
117,1513,中興電,55.7,中等,極佳,48,10,中度相關 0.71,42,-9,中度相關 0.67,41,-11,中度相關 0.69,2022-11-21,66
118,6509,聚和,38.95,中等,佳,40,-21,中度相關 0.6,37,-30,中度相關 0.64,38,-29,中度相關 0.61,2022-11-21,64
119,4966,譜瑞-KY,774,中等,極佳,46,-11,中度相關 0.73,,,低度相關 0.48,,,低度相關 0.43,2022-11-21,68
120,5471,松翰,48.3,中等,極佳,39,90,高度相關 0.76,42,-29,高度相關 0.75,41,-29,高度相關 0.75,2022-11-21,63
121,3426,台興,37.9,中等,極佳,46,-12,低度相關 0.49,50,-8,高度相關 0.86,,,低度相關 0,2022-11-21,60
122,6457,紘康,59.6,中等,極佳,39,72,高度相關 0.79,42,-48,中度相關 0.63,0,0,中度相關 0.56,2022-11-21,61
123,3171,新洲,15.9,中等,極佳,,,低度相關 0.47,42,-11,高度相關 0.81,,,低度相關 0.09,2022-11-21,59
124,3014,聯陽,70,中等,極佳,39,48,高度相關 0.95,42,-23,中度相關 0.63,41,-24,中度相關 0.63,2022-11-21,60
125,8938,明安,99.7,中等,極佳,48,8,高度相關 0.83,42,-11,高度相關 0.79,48,-2,高度相關 0.76,2022-11-21,59
126,2379,瑞昱,325,中等,極佳,46,-25,高度相關 0.82,42,-37,中度相關 0.5,41,-37,中度相關 0.51,2022-11-21,58
127,1584,精剛,17.9,中等,極佳,46,-11,中度相關 0.53,,,,,,,2022-11-21,58
128,5871,中租-KY,186,中等,極佳,46,-25,高度相關 0.84,42,-18,中度相關 0.52,41,-18,中度相關 0.56,2022-11-21,69
129,6415,矽力*-KY,485.5,中等,極佳,46,-27,高度相關 0.75,,,低度相關 0.49,,,低度相關 0.41,2022-11-21,60
130,4401,東隆興,26.25,中等,極佳,,,低度相關 0.13,42,-27,中度相關 0.62,41,-28,中度相關 0.61,2022-11-21,60
131,4549,桓達,84.2,中等,極佳,46,-10,中度相關 0.63,,,低度相關 0.44,,,低度相關 0.41,2022-11-21,59
132,5274,信驊,2145,中等,極佳,46,-19,中度相關 0.72,50,-7,中度相關 0.71,48,-8,高度相關 0.76,2022-11-21,60
133,1256,鮮活果汁-KY,230.5,中等,極佳,46,-16,中度相關 0.68,42,-18,中度相關 0.74,41,-20,中度相關 0.73,2022-11-21,60
134,3035,智原,164,中等,極佳,46,-16,中度相關 0.74,,,低度相關 0.39,,,低度相關 0.35,2022-11-21,61
135,4426,利勤,23.8,中等,極佳,46,-31,中度相關 0.64,,,,46,0,,2022-11-21,67
136,8454,富邦媒,559,中等,極佳,46,-39,中度相關 0.69,42,-31,中度相關 0.52,,,低度相關 0.39,2022-11-21,70
137,4205,中華食,99.5,中等,極佳,46,-27,高度相關 0.82,42,-12,高度相關 0.77,48,-6,高度相關 0.75,2022-11-21,58
138,3556,禾瑞亞,55.3,中等,極佳,39,26,中度相關 0.7,42,-17,中度相關 0.51,41,-18,中度相關 0.55,2022-11-21,59
139,3686,達能,12.5,中等,極佳,46,-28,中度相關 0.59,,,,,,,2022-11-21,59
140,9802,鈺齊-KY,148.5,中等,極佳,46,-25,中度相關 0.63,,,低度相關 0.42,,,低度相關 0.31,2022-11-21,62
141,5604,中連,50.6,中等,極佳,46,-19,中度相關 0.61,,,,41,-33,中度相關 0.51,2022-11-21,65
142,2458,義隆,86.4,中等,極佳,39,14,高度相關 0.93,42,-37,中度相關 0.66,41,-41,中度相關 0.59,2022-11-21,63
143,5345,天揚,5.8,中等,極佳,46,-28,低度相關 0.49,,,,,,,2022-11-21,59
144,8928,鉅明,36.75,中等,極佳,,,低度相關 0.35,42,-13,中度相關 0.56,41,-13,中度相關 0.56,2022-11-21,58
145,5269,祥碩,738,不適用,不適用,46,-15,高度相關 0.77,42,-50,中度相關 0.61,41,-49,中度相關 0.64,2022-11-21,63
146,9914,美利達,177,中等,極佳,,,低度相關 0.38,,,低度相關 0.49,41,-42,中度相關 0.5,2022-11-21,66
147,6104,創惟,94.3,不適用,不適用,39,97,高度相關 0.89,42,-43,中度相關 0.54,41,-43,中度相關 0.54,2022-11-21,64
148,6488,環球晶,475,中等,極佳,46,-27,中度相關 0.51,,,低度相關 0.13,0,0,低度相關 0.23,2022-11-21,63
149,3529,力旺,1505,中等,極佳,45,-9,中度相關 0.68,42,-24,中度相關 0.57,41,-24,中度相關 0.56,2022-11-21,61
150,1558,伸興,112.5,中等,極佳,,,低度相關 0.15,42,-13,中度相關 0.57,41,-14,中度相關 0.58,2022-11-21,71
151,2348,海悅,62,中等,極佳,46,-14,高度相關 0.89,42,-11,高度相關 0.88,41,-12,中度相關 0.55,2022-11-21,74
152,2929,淘帝-KY,12.25,中等,極佳,46,-34,中度相關 0.68,,,,,,,2022-11-21,61
153,4510,高鋒,10.5,中等,極佳,46,-27,中度相關 0.57,,,,48,-6,,2022-11-21,57
154,9929,,8.71,中等,極佳,46,-42,中度相關 0.59,,,,,,,2022-11-21,59
155,5903,全家,184,中等,極佳,,,低度相關 0.21,42,-11,高度相關 0.77,48,-8,高度相關 0.81,2022-11-21,55
156,0050,,113.85,,,100,-14,中度相關 0.74,0,0,,0,0,,2022-11-21,55
157,6139,亞翔,32.2,不適用,不適用,,,低度相關 0.06,,,低度相關 0.05,,,低度相關 0.08,2022-11-21,59
158,3016,嘉晶,77.7,中等,極佳,46,-15,中度相關 0.65,,,,,,,2022-11-21,57
159,3450,聯鈞,38.3,中等,極佳,,,低度相關 0.26,42,-28,中度相關 0.63,,,低度相關 0.48,2022-11-21,58
160,1451,年興,21.75,中等,極佳,46,-12,中度相關 0.67,,,,,,,2022-11-21,57
161,1210,大成,43.4,中等,極佳,46,-23,中度相關 0.58,45,4,中度相關 0.71,48,-3,高度相關 0.88,2022-11-21,61
162,6485,點序,72.1,中等,極佳,46,-16,高度相關 0.75,,,,0,0,,2022-11-21,59
163,6257,矽格,49.6,中等,極佳,45,-5,高度相關 0.88,42,-18,中度相關 0.59,41,-17,中度相關 0.66,2022-11-21,57
164,8027,鈦昇,53.8,中等,極佳,46,-17,中度相關 0.54,,,,,,低度相關 0.36,2022-11-21,62
165,3260,威剛,63.2,中等,極佳,46,-12,中度相關 0.66,,,,,,,2022-11-21,58
166,2338,光罩,73.4,中等,極佳,46,-20,高度相關 0.78,,,,41,-13,中度相關 0.74,2022-11-21,57
167,8040,九暘,57,中等,極佳,46,-31,中度相關 0.56,,,,,,,2022-11-21,56
168,2235,謚源,49.8,中等,極佳,,,低度相關 0.35,45,0,高度相關 0.8,48,-7,高度相關 0.76,2022-11-21,57
169,1219,福壽,18.85,中等,極佳,46,-16,中度相關 0.55,,,,41,-11,中度相關 0.51,2022-11-21,61
170,3707,漢磊,100,中等,極佳,46,-17,中度相關 0.7,,,,0,0,,2022-11-21,56
171,8081,致新,139.5,中等,極佳,48,8,高度相關 0.9,42,-37,中度相關 0.53,41,-37,中度相關 0.55,2022-11-21,58
172,5907,大洋-KY,13.6,中等,極佳,,,低度相關 0.46,,,,41,-28,,2022-11-21,60
173,9911,櫻花,60.3,中等,極佳,45,-5,高度相關 0.75,42,-16,高度相關 0.84,41,-17,高度相關 0.81,2022-11-21,64
174,4552,力達-KY,28.6,中等,極佳,0,0,中度相關 0.74,42,-16,高度相關 0.78,0,0,低度相關 0.06,2022-11-21,61
175,6129,普誠,30.5,中等,極佳,46,-16,中度相關 0.74,,,,,,,2022-11-21,56
176,3416,融程電,83.1,中等,佳,46,-1,高度相關 0.82,46,2,高度相關 0.83,52,2,高度相關 0.84,2022-11-21,56
177,1599,宏佳騰,41.8,中等,極佳,,,低度相關 0.42,42,-12,中度相關 0.54,,,低度相關 0.3,2022-11-21,56
178,1232,大統益,146.5,中等,極佳,46,-18,中度相關 0.54,42,-17,高度相關 0.81,41,-17,高度相關 0.85,2022-11-21,58
179,3675,德微,181.5,中等,極佳,45,-7,中度相關 0.72,42,-35,中度相關 0.52,41,-34,中度相關 0.51,2022-11-21,58
180,2436,偉詮電,44.9,中等,極佳,39,31,高度相關 0.79,,,低度相關 0.47,41,-33,中度相關 0.5,2022-11-21,57
181,1535,中宇,41.9,中等,極佳,,,低度相關 0.02,42,-11,中度相關 0.63,41,-11,中度相關 0.58,2022-11-21,57
182,4967,十銓,31.1,中等,極佳,46,-25,中度相關 0.58,,,,41,-23,,2022-11-21,56
183,9951,皇田,62.5,中等,極佳,,,低度相關 0.01,42,-12,中度相關 0.51,41,-13,中度相關 0.5,2022-11-21,59
184,1580,新麥,84.7,中等,極佳,,,低度相關 0.44,42,-22,高度相關 0.77,41,-26,中度相關 0.61,2022-11-21,59
185,2303,聯電,45.65,中等,極佳,46,-28,中度相關 0.6,,,低度相關 0.41,,,低度相關 0.43,2022-11-21,55
186,5222,全訊,130.5,中等,極佳,46,-13,中度相關 0.67,0,0,,0,0,,2022-11-21,56
187,1590,亞德客-KY,847,中等,極佳,45,-6,高度相關 0.88,42,-12,中度相關 0.5,,,低度相關 0.38,2022-11-21,57
188,8924,大田,115.5,中等,極佳,39,26,高度相關 0.76,,,,41,-25,低度相關 0.01,2022-11-21,56
189,5209,新鼎,74.3,中等,極佳,46,-15,高度相關 0.81,50,-2,高度相關 0.76,48,-3,高度相關 0.75,2022-11-21,56
190,3189,景碩,117,中等,極佳,46,-30,中度相關 0.61,,,,,,,2022-11-21,55
191,6287,元隆,25,中等,極佳,46,-15,中度相關 0.54,,,,0,0,,2022-11-21,55
192,5288,豐祥-KY,166.5,中等,極佳,46,-15,中度相關 0.72,42,-15,中度相關 0.63,46,0,低度相關 0.36,2022-11-21,56
193,9940,信義,28.9,中等,極佳,,,低度相關 0.22,42,-10,中度相關 0.55,,,低度相關 0.19,2022-11-21,57
194,6182,合晶,45.85,中等,極佳,46,-36,中度相關 0.63,,,,,,低度相關 0.49,2022-11-21,55
195,6803,崑鼎,246.5,中等,極佳,45,-3,中度相關 0.72,42,-12,高度相關 0.78,41,-13,中度相關 0.74,2022-11-21,57
196,1538,正峰,6.1,中等,極佳,46,-54,高度相關 0.83,,,,,,,2022-11-21,55
197,5306,桂盟,147,中等,極佳,46,-16,中度相關 0.71,,,低度相關 0.4,,,低度相關 0.35,2022-11-21,55
198,2330,台積電,482,中等,極佳,46,-29,中度相關 0.64,42,-30,中度相關 0.5,41,-30,中度相關 0.61,2022-11-21,56
199,1220,台榮,14.5,中等,極佳,,,低度相關 0.45,42,-10,高度相關 0.83,41,-11,高度相關 0.81,2022-11-21,58
200,3661,世芯-KY,862,中等,極佳,46,-25,高度相關 0.81,42,-16,高度相關 0.75,41,-19,中度相關 0.64,2022-11-22,64
201,1535,中宇,41.9,中等,極佳,,,低度相關 0.02,42,-10,中度相關 0.63,41,-11,中度相關 0.58,2022-11-22,57
202,6271,同欣電,196.5,中等,極佳,46,-12,中度相關 0.59,,,低度相關 0.37,,,低度相關 0.4,2022-11-22,59
203,4549,桓達,84.8,中等,極佳,46,-10,中度相關 0.63,,,低度相關 0.44,,,低度相關 0.41,2022-11-22,63
204,1264,德麥,248,中等,極佳,46,-15,中度相關 0.66,42,-15,高度相關 0.76,,,中度相關 0.63,2022-11-22,67
205,9940,信義,28.9,中等,極佳,,,低度相關 0.22,42,-10,中度相關 0.55,,,低度相關 0.19,2022-11-22,73
206,1210,大成,43.35,中等,極佳,46,-23,中度相關 0.58,45,3,中度相關 0.71,48,-3,高度相關 0.88,2022-11-22,68
207,8066,來思達,27.3,中等,極佳,,,低度相關 0.21,42,-23,中度相關 0.72,41,-29,中度相關 0.72,2022-11-22,60
208,4558,寶緯,23.15,中等,極佳,46,-20,高度相關 0.8,0,0,,0,0,,2022-11-22,64
209,3450,聯鈞,38.3,中等,極佳,,,低度相關 0.26,42,-28,中度相關 0.63,,,低度相關 0.48,2022-11-22,64
210,2351,順德,98.8,中等,極佳,46,-21,中度相關 0.74,,,低度相關 0,,,低度相關 0.01,2022-11-22,58
211,9914,美利達,182,中等,極佳,,,低度相關 0.38,,,低度相關 0.49,41,-42,中度相關 0.5,2022-11-22,63
212,8924,大田,116,中等,極佳,39,27,高度相關 0.76,,,,41,-24,低度相關 0.01,2022-11-22,65
213,2640,大車隊,82.2,中等,極佳,46,-11,中度相關 0.64,,,低度相關 0.42,48,-5,中度相關 0.64,2022-11-22,66
214,5306,桂盟,148,中等,極佳,46,-16,中度相關 0.71,,,低度相關 0.4,,,低度相關 0.35,2022-11-22,64
215,8454,富邦媒,572,中等,極佳,46,-40,中度相關 0.69,42,-33,中度相關 0.52,,,低度相關 0.39,2022-11-22,63
216,8027,鈦昇,53.3,中等,極佳,46,-18,中度相關 0.54,,,,,,低度相關 0.36,2022-11-22,63
217,4552,力達-KY,28.7,中等,極佳,0,0,中度相關 0.74,42,-16,高度相關 0.78,0,0,低度相關 0.06,2022-11-22,62
218,2330,台積電,491,中等,極佳,46,-29,中度相關 0.64,42,-30,中度相關 0.5,41,-30,中度相關 0.61,2022-11-22,63
219,3707,漢磊,98.3,中等,極佳,46,-17,中度相關 0.7,,,,0,0,,2022-11-22,67
220,2338,光罩,73.3,中等,極佳,46,-20,高度相關 0.78,,,,41,-13,中度相關 0.74,2022-11-22,64
221,5274,信驊,2185,中等,極佳,46,-20,中度相關 0.72,50,-8,中度相關 0.71,48,-9,高度相關 0.76,2022-11-22,63
222,6509,聚和,38.8,中等,佳,40,-22,中度相關 0.6,37,-30,中度相關 0.64,38,-28,中度相關 0.61,2022-11-22,66
223,6485,點序,71,中等,極佳,46,-18,高度相關 0.75,,,,0,0,,2022-11-22,58
224,3171,新洲,15.9,中等,極佳,,,低度相關 0.47,42,-10,高度相關 0.81,,,低度相關 0.09,2022-11-22,59
225,2379,瑞昱,323.5,中等,極佳,46,-25,高度相關 0.82,42,-37,中度相關 0.5,41,-37,中度相關 0.5,2022-11-22,63
226,9802,鈺齊-KY,147.5,中等,極佳,46,-26,中度相關 0.63,,,低度相關 0.42,,,低度相關 0.31,2022-11-22,63
227,1220,台榮,14.5,中等,極佳,,,低度相關 0.46,42,-10,高度相關 0.83,41,-11,高度相關 0.81,2022-11-22,58
228,3529,力旺,1485,中等,極佳,45,-9,中度相關 0.68,42,-25,中度相關 0.57,41,-25,中度相關 0.56,2022-11-22,58
229,6104,創惟,90.9,中等,極佳,39,96,高度相關 0.89,42,-43,中度相關 0.54,41,-43,中度相關 0.54,2022-11-22,57
230,3317,尼克森,52.5,中等,極佳,,,低度相關 0.4,,,低度相關 0.36,41,-25,低度相關 0.02,2022-11-22,58
231,4535,至興,38.7,中等,極佳,46,-10,高度相關 0.77,45,2,中度相關 0.72,46,0,高度相關 0.75,2022-11-22,57
232,9933,中鼎,39.8,中等,極佳,,,低度相關 0.1,42,-11,中度相關 0.66,41,-13,中度相關 0.67,2022-11-22,63
233,4426,利勤,23.3,中等,極佳,46,-31,中度相關 0.64,,,,46,0,,2022-11-22,57
234,2348,海悅,62.1,中等,極佳,46,-14,高度相關 0.89,42,-11,高度相關 0.88,41,-11,中度相關 0.55,2022-11-22,57
235,4919,新唐,122,中等,極佳,48,8,中度相關 0.64,42,-22,中度相關 0.61,,,,2022-11-22,59
236,3556,禾瑞亞,55.1,中等,極佳,39,25,中度相關 0.7,42,-18,中度相關 0.51,41,-18,中度相關 0.55,2022-11-22,63
237,5288,豐祥-KY,163.5,中等,極佳,46,-15,中度相關 0.72,42,-15,中度相關 0.63,46,1,低度相關 0.36,2022-11-22,62
238,6457,紘康,58.2,中等,極佳,39,68,高度相關 0.79,42,-49,中度相關 0.63,0,0,中度相關 0.56,2022-11-22,65
239,3014,聯陽,70.8,中等,極佳,39,50,高度相關 0.95,42,-22,中度相關 0.63,41,-23,中度相關 0.63,2022-11-22,64
240,1580,新麥,84.6,中等,極佳,,,低度相關 0.44,42,-22,高度相關 0.76,41,-26,中度相關 0.61,2022-11-22,64
241,5471,松翰,47.6,中等,極佳,39,87,高度相關 0.76,42,-30,高度相關 0.75,41,-30,高度相關 0.75,2022-11-22,68
242,6803,崑鼎,247,中等,極佳,45,-3,中度相關 0.72,42,-11,高度相關 0.78,41,-12,中度相關 0.74,2022-11-22,70
243,3260,威剛,62.4,中等,極佳,46,-13,中度相關 0.66,,,,,,,2022-11-22,63
244,4968,立積,114,中等,極佳,46,-14,高度相關 0.75,,,,41,-17,中度相關 0.64,2022-11-22,64
245,8081,致新,140,中等,極佳,48,6,高度相關 0.9,42,-38,中度相關 0.53,41,-38,中度相關 0.55,2022-11-22,66
246,4967,十銓,30.4,中等,極佳,46,-25,中度相關 0.58,,,,41,-23,,2022-11-22,64
247,4966,譜瑞-KY,776,中等,極佳,45,-8,中度相關 0.73,,,低度相關 0.47,,,低度相關 0.42,2022-11-22,68
248,6257,矽格,49.35,中等,極佳,45,-6,高度相關 0.88,42,-18,中度相關 0.58,41,-18,中度相關 0.66,2022-11-22,65
249,5903,全家,184,中等,極佳,,,低度相關 0.21,42,-12,高度相關 0.77,48,-9,高度相關 0.81,2022-11-22,64
250,2458,義隆,87,中等,極佳,39,15,高度相關 0.93,42,-38,中度相關 0.66,41,-41,中度相關 0.59,2022-11-22,65
251,5222,全訊,137.5,中等,極佳,46,-12,中度相關 0.67,0,0,,0,0,,2022-11-22,66
252,3035,智原,166.5,中等,極佳,46,-15,中度相關 0.74,,,低度相關 0.39,,,低度相關 0.35,2022-11-22,64
253,1516,川飛,21.2,中等,極佳,,,低度相關 0.41,42,-14,中度相關 0.52,,,,2022-11-22,62
254,9951,皇田,62.2,中等,極佳,,,低度相關 0.01,42,-12,中度相關 0.51,41,,中度相關 0.5,2022-11-22,65
255,9929,秋雨,8.63,中等,極佳,46,-40,中度相關 0.59,,,,,,,2022-11-22,63
256,2481,強茂,58.9,中等,極佳,,,低度相關 0.3,,,,41,-30,,2022-11-22,65
257,3189,景碩,118,中等,極佳,46,-30,中度相關 0.61,,,,,,,2022-11-22,66
258,8040,九暘,56.2,中等,極佳,46,-32,中度相關 0.56,,,,,,,2022-11-22,65
259,6182,合晶,45.65,中等,極佳,46,-36,中度相關 0.63,,,,,,低度相關 0.49,2022-11-22,69
260,3016,嘉晶,76.8,中等,極佳,46,-16,中度相關 0.65,,,,,,,2022-11-22,68
261,4991,環宇-KY,39.1,中等,極佳,46,-18,中度相關 0.6,46,11,,,,,2022-11-22,65
262,5209,新鼎,74.1,中等,極佳,46,-15,高度相關 0.81,50,-2,高度相關 0.76,48,-3,高度相關 0.75,2022-11-22,65
263,1256,鮮活果汁-KY,228,中等,極佳,46,-17,中度相關 0.68,42,-18,中度相關 0.74,41,-21,中度相關 0.73,2022-11-22,66
264,5871,中租-KY,184.5,中等,極佳,46,-25,高度相關 0.84,42,-18,中度相關 0.52,41,-17,中度相關 0.56,2022-11-22,66
265,3426,台興,37.9,中等,極佳,46,-12,低度相關 0.49,50,-8,高度相關 0.86,,,低度相關 0,2022-11-22,58
266,2436,偉詮電,44.1,中等,極佳,39,29,高度相關 0.79,,,低度相關 0.47,41,-34,中度相關 0.5,2022-11-22,60
267,1514,亞力,27.85,中等,極佳,46,-27,中度相關 0.72,50,-3,高度相關 0.84,46,5,高度相關 0.76,2022-11-22,59
268,5285,界霖,62.8,中等,極佳,46,-26,高度相關 0.79,,,低度相關 0,,,低度相關 0.01,2022-11-22,64
269,5907,大洋-KY,13.4,中等,極佳,,,低度相關 0.46,,,,41,-27,,2022-11-22,65
270,8938,明安,98.5,中等,極佳,48,8,高度相關 0.83,50,-9,高度相關 0.79,46,1,高度相關 0.76,2022-11-22,61
271,3416,融程電,82.3,中等,佳,46,-2,高度相關 0.82,46,1,高度相關 0.83,52,1,高度相關 0.84,2022-11-22,64
272,1558,伸興,112.5,中等,極佳,,,低度相關 0.15,42,-13,中度相關 0.57,41,-14,中度相關 0.58,2022-11-22,67
273,3169,亞信,103.5,中等,極佳,46,-20,高度相關 0.86,42,-42,中度相關 0.51,41,-42,中度相關 0.52,2022-11-22,67
274,3686,達能,12.6,中等,極佳,46,-28,中度相關 0.59,,,,,,,2022-11-22,61
275,1538,正峰,6.1,中等,極佳,46,-54,高度相關 0.83,,,,,,,2022-11-22,64
276,4401,東隆興,26.25,中等,極佳,,,低度相關 0.13,42,-27,中度相關 0.62,41,-28,中度相關 0.61,2022-11-22,66
277,8928,鉅明,36.55,中等,極佳,,,低度相關 0.36,42,-13,中度相關 0.55,41,-12,中度相關 0.56,2022-11-22,63
278,5604,中連,50.6,中等,極佳,46,-20,中度相關 0.61,,,,41,-34,中度相關 0.51,2022-11-22,65
279,1451,年興,21.55,中等,極佳,46,-13,中度相關 0.67,,,,,,,2022-11-22,61
280,2303,聯電,46.1,中等,極佳,46,-27,中度相關 0.6,,,低度相關 0.41,,,低度相關 0.43,2022-11-22,57
281,6129,普誠,30,中等,極佳,46,-17,中度相關 0.74,,,,,,,2022-11-22,58
282,2929,淘帝-KY,12.25,中等,極佳,46,-34,中度相關 0.68,,,,,,,2022-11-22,62
283,0050,,114.8,,,100,-13,中度相關 0.74,0,0,,0,0,,2022-11-22,66
284,1599,宏佳騰,41.95,中等,極佳,,,低度相關 0.42,42,-11,中度相關 0.54,,,低度相關 0.3,2022-11-22,66
285,1232,大統益,146,中等,極佳,46,-18,中度相關 0.54,42,-17,高度相關 0.81,41,-17,高度相關 0.84,2022-11-22,72
286,9911,櫻花,60.8,中等,極佳,45,-5,高度相關 0.75,42,-16,高度相關 0.84,41,-16,高度相關 0.81,2022-11-22,66
287,6139,亞翔,32.45,不適用,不適用,,,低度相關 0.06,,,低度相關 0.06,,,低度相關 0.08,2022-11-22,64
288,8028,昇陽半導體,54.5,中等,極佳,46,-17,高度相關 0.76,,,低度相關 0.01,,,低度相關 0.28,2022-11-22,62
289,1219,福壽,18.75,中等,極佳,46,-16,中度相關 0.55,,,,41,-12,中度相關 0.51,2022-11-22,64
290,1590,亞德客-KY,863,中等,極佳,45,-4,高度相關 0.88,42,-11,中度相關 0.5,,,低度相關 0.38,2022-11-22,62
291,3675,德微,176.5,中等,極佳,45,-10,中度相關 0.72,42,-38,中度相關 0.52,41,-37,中度相關 0.51,2022-11-22,67
292,1513,中興電,55.1,中等,極佳,39,13,中度相關 0.71,50,-10,中度相關 0.67,48,-9,中度相關 0.69,2022-11-22,68
293,4205,中華食,101,中等,極佳,46,-27,高度相關 0.82,42,-11,高度相關 0.77,48,-5,高度相關 0.75,2022-11-22,65
294,5345,天揚,5.8,中等,極佳,46,-27,低度相關 0.49,,,,,,,2022-11-22,67
295,6488,環球晶,476.5,中等,極佳,46,-27,中度相關 0.51,,,低度相關 0.13,0,0,低度相關 0.23,2022-11-22,66
296,6287,元隆,24.25,中等,極佳,46,-15,中度相關 0.54,,,,0,0,,2022-11-22,62
297,5269,祥碩,732,中等,極佳,46,-15,高度相關 0.77,42,-51,中度相關 0.61,41,-49,中度相關 0.64,2022-11-22,58
298,1584,精剛,19.65,中等,極佳,46,-2,中度相關 0.53,,,,,,,2022-11-22,61
299,6415,矽力*-KY,482,中等,極佳,46,-29,高度相關 0.75,,,低度相關 0.49,,,低度相關 0.41,2022-11-22,69
300,2235,謚源,49.7,中等,極佳,,,低度相關 0.35,50,0,高度相關 0.8,48,-7,高度相關 0.76,2022-11-22,65
301,4510,高鋒,10.5,中等,極佳,46,-27,中度相關 0.57,,,,48,-5,,2022-11-22,63
302,4966,譜瑞-KY,759,中等,極佳,45,-8,中度相關 0.73,,,低度相關 0.47,,,低度相關 0.42,2022-11-23,51
303,5269,祥碩,719,中等,極佳,46,-16,高度相關 0.77,42,-50,中度相關 0.61,40,-50,中度相關 0.64,2022-11-23,46
304,5274,信驊,2130,中等,極佳,46,-18,中度相關 0.72,50,-5,中度相關 0.71,47,-8,高度相關 0.76,2022-11-23,46
305,8938,明安,97.6,中等,極佳,48,8,高度相關 0.83,50,-10,高度相關 0.79,47,-1,高度相關 0.76,2022-11-23,44
306,5306,桂盟,152.5,中等,極佳,46,-16,中度相關 0.71,,,低度相關 0.4,,,低度相關 0.35,2022-11-23,50
307,2235,謚源,49.7,中等,極佳,,,低度相關 0.35,50,0,高度相關 0.8,47,-7,高度相關 0.76,2022-11-23,47
308,8027,鈦昇,54.5,中等,極佳,46,-19,中度相關 0.54,,,,,,低度相關 0.36,2022-11-23,58
309,1538,正峰,6.2,中等,極佳,46,-54,高度相關 0.82,,,,,,,2022-11-23,52
310,2379,瑞昱,327,中等,極佳,46,-26,高度相關 0.82,42,-37,中度相關 0.5,40,-37,中度相關 0.5,2022-11-23,50
311,1514,亞力,27.65,中等,極佳,46,-27,中度相關 0.72,50,-3,高度相關 0.84,45,5,高度相關 0.76,2022-11-23,48
312,4205,中華食,101,中等,極佳,46,-26,高度相關 0.82,42,-11,高度相關 0.77,47,-5,高度相關 0.75,2022-11-23,53
313,1584,精剛,21.6,中等,極佳,45,-2,中度相關 0.53,,,,,,,2022-11-23,55
314,2436,偉詮電,44.4,中等,極佳,39,29,高度相關 0.79,,,低度相關 0.47,40,-34,中度相關 0.5,2022-11-23,48
315,1580,新麥,85.3,中等,極佳,,,低度相關 0.44,42,-22,高度相關 0.76,40,-26,中度相關 0.61,2022-11-23,50
316,3035,智原,163.5,中等,極佳,46,-15,高度相關 0.75,,,低度相關 0.39,,,低度相關 0.35,2022-11-23,58
317,1558,伸興,112.5,中等,極佳,,,低度相關 0.15,42,-13,中度相關 0.57,40,-14,中度相關 0.58,2022-11-23,55
318,6457,紘康,57.8,中等,極佳,39,64,高度相關 0.79,42,-50,中度相關 0.63,0,0,中度相關 0.55,2022-11-23,54
319,3661,世芯-KY,879,中等,極佳,46,-27,高度相關 0.81,42,-19,高度相關 0.75,40,-21,中度相關 0.64,2022-11-23,50
320,4510,高鋒,10.4,中等,極佳,46,-28,中度相關 0.57,,,,47,-6,,2022-11-23,56
321,2449,京元電子,35.25,中等,極佳,46,-11,中度相關 0.65,,,低度相關 0.39,,,低度相關 0.39,2022-11-23,53
322,4535,至興,38.5,中等,極佳,46,-10,高度相關 0.77,45,2,中度相關 0.72,45,0,高度相關 0.75,2022-11-23,43
323,1513,中興電,54.6,中等,極佳,39,12,中度相關 0.71,50,-10,中度相關 0.67,47,-9,中度相關 0.69,2022-11-23,44
324,8454,富邦媒,580,中等,極佳,46,-38,中度相關 0.69,42,-30,中度相關 0.52,,,低度相關 0.39,2022-11-23,48
325,6271,同欣電,195.5,中等,極佳,46,-11,中度相關 0.59,,,低度相關 0.37,,,低度相關 0.4,2022-11-23,49
326,1590,亞德客-KY,887,中等,極佳,45,-4,高度相關 0.88,42,-11,中度相關 0.5,,,低度相關 0.38,2022-11-23,47
327,2330,台積電,492,中等,極佳,46,-28,中度相關 0.64,42,-29,中度相關 0.5,40,-28,中度相關 0.61,2022-11-23,45
328,1220,台榮,14.7,中等,極佳,,,低度相關 0.46,42,-10,高度相關 0.83,40,-11,高度相關 0.81,2022-11-23,59
329,9951,皇田,61.4,中等,極佳,,,低度相關 0.01,42,-14,中度相關 0.51,,,中度相關 0.5,2022-11-23,49
330,4552,力達-KY,28.9,中等,極佳,0,0,中度相關 0.74,42,-16,高度相關 0.78,0,0,低度相關 0.06,2022-11-23,44
331,2303,聯電,46.1,中等,極佳,46,-27,中度相關 0.6,,,低度相關 0.41,,,低度相關 0.43,2022-11-23,49
332,5285,界霖,63,中等,極佳,46,-27,高度相關 0.79,,,低度相關 0,,,低度相關 0.01,2022-11-23,48
333,1599,宏佳騰,41.9,中等,極佳,,,低度相關 0.42,42,-11,中度相關 0.54,,,低度相關 0.3,2022-11-23,46
334,9929,秋雨,8.52,中等,極佳,46,-40,中度相關 0.59,,,,,,,2022-11-23,50
335,0050,,115.6,,,100,-12,中度相關 0.74,0,0,,0,0,,2022-11-23,50
336,3707,漢磊,98.3,中等,極佳,46,-18,中度相關 0.7,,,,0,0,,2022-11-23,55
337,6803,崑鼎,248,中等,極佳,45,-3,中度相關 0.72,42,-11,高度相關 0.78,40,-12,中度相關 0.74,2022-11-23,51
338,5903,全家,185.5,中等,極佳,,,低度相關 0.21,42,-12,高度相關 0.77,47,-9,高度相關 0.81,2022-11-23,47
339,6257,矽格,49.8,中等,極佳,45,-6,高度相關 0.88,42,-18,中度相關 0.58,40,-18,中度相關 0.66,2022-11-23,44
340,3317,尼克森,54.9,中等,極佳,,,低度相關 0.4,,,低度相關 0.36,40,-26,低度相關 0.02,2022-11-23,47
341,8924,大田,115,中等,極佳,39,28,高度相關 0.76,,,,40,-24,低度相關 0.01,2022-11-23,48
342,3675,德微,175,中等,極佳,45,-10,中度相關 0.72,42,-38,中度相關 0.52,40,-37,中度相關 0.51,2022-11-23,41
343,3556,禾瑞亞,55.2,中等,極佳,39,25,中度相關 0.7,42,-18,中度相關 0.51,40,-18,中度相關 0.55,2022-11-23,44
344,2640,大車隊,82.5,中等,極佳,46,-11,中度相關 0.64,,,低度相關 0.42,47,-5,中度相關 0.64,2022-11-23,45
345,2481,強茂,59.2,中等,極佳,,,低度相關 0.3,,,,40,-30,,2022-11-23,50
346,5907,大洋-KY,13.4,中等,極佳,,,低度相關 0.46,,,,40,-28,,2022-11-23,55
347,4558,寶緯,22.5,中等,極佳,46,-19,高度相關 0.8,0,0,,0,0,,2022-11-23,44
348,1535,中宇,42,中等,極佳,,,低度相關 0.02,42,-10,中度相關 0.63,40,-11,中度相關 0.58,2022-11-23,45
349,4968,立積,120,中等,極佳,46,-12,高度相關 0.75,,,,40,-15,中度相關 0.64,2022-11-23,48
350,6139,亞翔,32.5,不適用,不適用,,,低度相關 0.06,,,低度相關 0.06,,,低度相關 0.08,2022-11-23,51
351,1232,大統益,146,中等,極佳,46,-18,中度相關 0.54,42,-17,高度相關 0.81,40,-17,高度相關 0.84,2022-11-23,49
352,9940,信義,29,中等,極佳,,,低度相關 0.22,42,-10,中度相關 0.55,,,低度相關 0.19,2022-11-23,48
353,9911,櫻花,61.7,中等,極佳,45,-4,高度相關 0.75,42,-14,高度相關 0.84,40,-15,高度相關 0.81,2022-11-23,47
354,3016,嘉晶,76.8,中等,極佳,46,-16,中度相關 0.65,,,,,,,2022-11-23,52
355,2458,義隆,87.6,中等,極佳,39,15,高度相關 0.93,42,-38,中度相關 0.66,40,-41,中度相關 0.58,2022-11-23,48
356,4426,利勤,23.3,中等,極佳,46,-33,中度相關 0.64,,,,47,-2,,2022-11-23,52
357,2348,海悅,62.4,中等,極佳,46,-14,高度相關 0.89,42,-11,高度相關 0.88,40,-11,中度相關 0.55,2022-11-23,48
358,2338,光罩,80,中等,極佳,46,-12,高度相關 0.78,,,,40,-13,中度相關 0.74,2022-11-23,46
359,3189,景碩,117.5,中等,極佳,46,-30,中度相關 0.61,,,,,,,2022-11-23,47
360,9914,美利達,182.5,中等,極佳,,,低度相關 0.38,,,低度相關 0.48,40,,中度相關 0.5,2022-11-23,48
361,6488,環球晶,466,中等,極佳,46,-27,中度相關 0.51,,,低度相關 0.13,0,0,低度相關 0.23,2022-11-23,45
362,5222,全訊,134,中等,極佳,45,-8,中度相關 0.67,0,0,,0,0,,2022-11-23,46
363,4549,桓達,84.7,中等,極佳,45,-10,中度相關 0.63,,,低度相關 0.44,,,低度相關 0.41,2022-11-23,49
364,5288,豐祥-KY,167.5,中等,極佳,46,-16,中度相關 0.72,42,-15,中度相關 0.63,47,-1,低度相關 0.36,2022-11-23,43
365,3416,融程電,82.7,中等,佳,46,-2,高度相關 0.82,46,1,高度相關 0.83,52,1,高度相關 0.84,2022-11-23,43
366,1210,大成,43.3,中等,極佳,46,-23,中度相關 0.58,45,3,中度相關 0.71,47,-3,高度相關 0.88,2022-11-23,40
367,4919,新唐,122.5,中等,極佳,39,12,中度相關 0.65,42,-19,中度相關 0.61,,,,2022-11-23,43
368,6287,元隆,24.25,中等,極佳,46,-17,中度相關 0.54,,,,0,0,,2022-11-23,45
369,2929,淘帝-KY,12.3,中等,極佳,46,-34,中度相關 0.68,,,,,,,2022-11-23,46
370,5871,中租-KY,188.5,中等,極佳,46,-25,高度相關 0.84,42,-17,中度相關 0.52,40,-18,中度相關 0.56,2022-11-23,45
371,9802,鈺齊-KY,151.5,中等,極佳,46,-26,中度相關 0.63,,,低度相關 0.42,,,低度相關 0.31,2022-11-23,47
372,3169,亞信,103.5,中等,極佳,46,-20,高度相關 0.86,42,-42,中度相關 0.5,40,-42,中度相關 0.52,2022-11-23,45
373,3529,力旺,1475,中等,極佳,46,-11,中度相關 0.68,42,-26,中度相關 0.57,40,-26,中度相關 0.56,2022-11-23,43
374,3450,聯鈞,38.7,中等,極佳,,,低度相關 0.26,42,-28,中度相關 0.62,,,低度相關 0.47,2022-11-23,47
375,3426,台興,37.9,中等,極佳,46,-12,低度相關 0.49,50,-8,高度相關 0.86,,,低度相關 0,2022-11-23,45
376,3686,達能,12.7,中等,極佳,46,-27,中度相關 0.59,,,,,,,2022-11-23,51
377,3014,聯陽,70.4,中等,極佳,39,50,高度相關 0.95,42,-22,中度相關 0.63,40,-23,中度相關 0.63,2022-11-23,44
378,1451,年興,21.55,中等,極佳,46,-13,中度相關 0.67,,,,,,,2022-11-23,49
379,8028,昇陽半導體,54.4,中等,極佳,46,-19,高度相關 0.76,,,低度相關 0.01,,,低度相關 0.28,2022-11-23,48
380,2351,順德,96,中等,極佳,46,-21,中度相關 0.74,,,低度相關 0,,,低度相關 0.01,2022-11-23,48
381,4967,十銓,30.15,中等,極佳,46,-26,中度相關 0.58,,,,40,-25,,2022-11-23,48
382,5471,松翰,47.6,中等,極佳,39,84,高度相關 0.76,42,-31,高度相關 0.75,40,-31,高度相關 0.75,2022-11-23,44
383,3260,威剛,62.5,中等,極佳,46,-14,中度相關 0.66,,,,,,,2022-11-23,50
384,8066,來思達,26.9,中等,極佳,,,低度相關 0.22,42,-23,中度相關 0.72,40,-29,中度相關 0.72,2022-11-23,45
385,9933,中鼎,40.25,中等,極佳,,,低度相關 0.1,42,-12,中度相關 0.66,40,-13,中度相關 0.67,2022-11-23,49
386,8081,致新,140.5,中等,極佳,48,7,高度相關 0.9,42,-37,中度相關 0.53,40,-37,中度相關 0.55,2022-11-23,42
387,1516,川飛,21,中等,極佳,,,低度相關 0.41,42,-14,中度相關 0.52,,,,2022-11-23,53
388,3171,新洲,15.8,中等,極佳,,,低度相關 0.47,42,-10,高度相關 0.81,,,低度相關 0.09,2022-11-23,50
389,1256,鮮活果汁-KY,228,中等,極佳,46,-17,中度相關 0.68,42,-18,中度相關 0.74,40,-21,中度相關 0.73,2022-11-23,45
390,1219,福壽,19,中等,極佳,46,-16,中度相關 0.55,,,,40,-12,中度相關 0.51,2022-11-23,51
391,6104,創惟,91.1,中等,極佳,39,88,高度相關 0.89,42,-45,中度相關 0.54,40,-45,中度相關 0.54,2022-11-23,46
392,6182,合晶,45.2,中等,極佳,46,-36,中度相關 0.63,,,,,,低度相關 0.49,2022-11-23,50
393,6533,晶心科,539,中等,極佳,46,-13,中度相關 0.68,,,,0,0,,2022-11-23,49
394,6509,聚和,39.55,中等,佳,40,-22,中度相關 0.6,37,-29,中度相關 0.64,37,-28,中度相關 0.61,2022-11-23,44
395,5604,中連,50.8,中等,極佳,46,-20,中度相關 0.61,,,,40,-34,中度相關 0.51,2022-11-23,50
396,4991,環宇-KY,39.15,中等,極佳,46,-19,中度相關 0.6,45,9,,,,,2022-11-23,51
397,5345,天揚,6.2,中等,極佳,46,-27,低度相關 0.49,,,,,,,2022-11-23,53
398,6485,點序,71,中等,極佳,46,-19,高度相關 0.75,,,,0,0,,2022-11-23,55
399,6415,矽力*-KY,465,中等,極佳,46,-29,高度相關 0.75,,,低度相關 0.49,,,低度相關 0.41,2022-11-23,55
400,8040,九暘,56,中等,極佳,46,-33,中度相關 0.56,,,,,,,2022-11-23,52
401,6129,普誠,31,中等,極佳,46,-18,中度相關 0.74,,,,,,,2022-11-23,53
402,8928,鉅明,36.45,中等,極佳,,,低度相關 0.36,42,-14,中度相關 0.55,40,-14,中度相關 0.56,2022-11-23,49
403,5209,新鼎,74.4,中等,極佳,46,-15,高度相關 0.81,50,-1,高度相關 0.76,47,-3,高度相關 0.75,2022-11-23,46
404,4401,東隆興,26.4,中等,極佳,,,低度相關 0.13,42,-27,中度相關 0.62,40,-28,中度相關 0.61,2022-11-23,48
405,1264,德麥,248.5,中等,極佳,46,-15,中度相關 0.66,42,-15,高度相關 0.76,,,中度相關 0.63,2022-11-23,49
